{"cameraMode":{"drawMode":0,"name":"Shaded","section":"Shading Mode"},"sceneLighting":true,"audioPlay":false,"sceneViewState":{"showFog":true,"showMaterialUpdate":false,"showSkybox":true,"showFlares":true,"showImageEffects":true,"showParticleSystems":true},"in2DMode":false,"pivot":{"x":28.051538467407228,"y":3.8286819458007814,"z":40.2615852355957},"rotation":{"x":0.014466536231338978,"y":-0.9805938601493836,"z":0.07992170751094818,"w":0.1784914880990982},"size":1.788773775100708,"orthographic":false}